s001-00_img.bmp,0,s001
s001-01_img.bmp,1,s001
s001-02_img.bmp,2,s001
s001-03_img.bmp,3,s001
s001-04_img.bmp,4,s001
s001-05_img.bmp,5,s001
s001-06_img.bmp,6,s001
s001-07_img.bmp,7,s001
s001-08_img.bmp,8,s001
s001-09_img.bmp,9,s001
s001-10_img.bmp,10,s001
s001-11_img.bmp,11,s001
s001-12_img.bmp,12,s001
s001-13_img.bmp,13,s001
s002-00_img.bmp,0,s002
s002-01_img.bmp,1,s002
s002-02_img.bmp,2,s002
s002-03_img.bmp,3,s002
s002-04_img.bmp,4,s002
s002-05_img.bmp,5,s002
s002-06_img.bmp,6,s002
s002-07_img.bmp,7,s002
s002-08_img.bmp,8,s002
s002-09_img.bmp,9,s002
s002-10_img.bmp,10,s002
s002-11_img.bmp,11,s002
s002-12_img.bmp,12,s002
s002-13_img.bmp,13,s002
s003-00_img.bmp,0,s003
s003-01_img.bmp,1,s003
s003-02_img.bmp,2,s003
s003-03_img.bmp,3,s003
s003-04_img.bmp,4,s003
s003-05_img.bmp,5,s003
s003-06_img.bmp,6,s003
s003-07_img.bmp,7,s003
s003-08_img.bmp,8,s003
s003-09_img.bmp,9,s003
s003-10_img.bmp,10,s003
s003-11_img.bmp,11,s003
s003-12_img.bmp,12,s003
s003-13_img.bmp,13,s003
s004-00_img.bmp,0,s004
s004-01_img.bmp,1,s004
s004-02_img.bmp,2,s004
s004-03_img.bmp,3,s004
s004-04_img.bmp,4,s004
s004-05_img.bmp,5,s004
s004-06_img.bmp,6,s004
s004-07_img.bmp,7,s004
s004-08_img.bmp,8,s004
s004-09_img.bmp,9,s004
s004-10_img.bmp,10,s004
s004-11_img.bmp,11,s004
s004-12_img.bmp,12,s004
s004-13_img.bmp,13,s004
s005-00_img.bmp,0,s005
s005-01_img.bmp,1,s005
s005-02_img.bmp,2,s005
s005-03_img.bmp,3,s005
s005-04_img.bmp,4,s005
s005-05_img.bmp,5,s005
s005-06_img.bmp,6,s005
s005-07_img.bmp,7,s005
s005-08_img.bmp,8,s005
s005-09_img.bmp,9,s005
s005-10_img.bmp,10,s005
s005-11_img.bmp,11,s005
s005-12_img.bmp,12,s005
s005-13_img.bmp,13,s005
s006-00_img.bmp,0,s006
s006-01_img.bmp,1,s006
s006-02_img.bmp,2,s006
s006-03_img.bmp,3,s006
s006-04_img.bmp,4,s006
s006-05_img.bmp,5,s006
s006-06_img.bmp,6,s006
s006-07_img.bmp,7,s006
s006-08_img.bmp,8,s006
s006-09_img.bmp,9,s006
s006-10_img.bmp,10,s006
s006-11_img.bmp,11,s006
s006-12_img.bmp,12,s006
s006-13_img.bmp,13,s006
s007-00_img.bmp,0,s007
s007-01_img.bmp,1,s007
s007-02_img.bmp,2,s007
s007-03_img.bmp,3,s007
s007-04_img.bmp,4,s007
s007-05_img.bmp,5,s007
s007-06_img.bmp,6,s007
s007-07_img.bmp,7,s007
s007-08_img.bmp,8,s007
s007-09_img.bmp,9,s007
s007-10_img.bmp,10,s007
s007-11_img.bmp,11,s007
s007-12_img.bmp,12,s007
s007-13_img.bmp,13,s007
s007-14_img.bmp,14,s007
s007-15_img.bmp,15,s007
s008-00_img.bmp,0,s008
s008-01_img.bmp,1,s008
s008-02_img.bmp,2,s008
s008-03_img.bmp,3,s008
s008-04_img.bmp,4,s008
s008-05_img.bmp,5,s008
s008-06_img.bmp,6,s008
s008-07_img.bmp,7,s008
s008-08_img.bmp,8,s008
s008-09_img.bmp,9,s008
s008-10_img.bmp,10,s008
s008-11_img.bmp,11,s008
s008-12_img.bmp,12,s008
s008-13_img.bmp,13,s008
s009-00_img.bmp,0,s009
s009-01_img.bmp,1,s009
s009-02_img.bmp,2,s009
s009-03_img.bmp,3,s009
s009-04_img.bmp,4,s009
s009-05_img.bmp,5,s009
s009-06_img.bmp,6,s009
s009-07_img.bmp,7,s009
s009-08_img.bmp,8,s009
s009-09_img.bmp,9,s009
s009-10_img.bmp,10,s009
s009-11_img.bmp,11,s009
s009-12_img.bmp,12,s009
s009-13_img.bmp,13,s009
s010-00_img.bmp,0,s010
s010-01_img.bmp,1,s010
s010-02_img.bmp,2,s010
s010-03_img.bmp,3,s010
s010-04_img.bmp,4,s010
s010-05_img.bmp,5,s010
s010-06_img.bmp,6,s010
s010-07_img.bmp,7,s010
s010-08_img.bmp,8,s010
s010-09_img.bmp,9,s010
s010-10_img.bmp,10,s010
s010-11_img.bmp,11,s010
s010-12_img.bmp,12,s010
s010-13_img.bmp,13,s010
s011-00_img.bmp,0,s011
s011-01_img.bmp,1,s011
s011-02_img.bmp,2,s011
s011-03_img.bmp,3,s011
s011-04_img.bmp,4,s011
s011-05_img.bmp,5,s011
s011-06_img.bmp,6,s011
s011-07_img.bmp,7,s011
s011-08_img.bmp,8,s011
s011-09_img.bmp,9,s011
s011-10_img.bmp,10,s011
s011-11_img.bmp,11,s011
s011-12_img.bmp,12,s011
s011-13_img.bmp,13,s011
s012-00_img.bmp,0,s012
s012-01_img.bmp,1,s012
s012-02_img.bmp,2,s012
s012-03_img.bmp,3,s012
s012-04_img.bmp,4,s012
s012-05_img.bmp,5,s012
s012-06_img.bmp,6,s012
s012-07_img.bmp,7,s012
s012-08_img.bmp,8,s012
s012-09_img.bmp,9,s012
s012-10_img.bmp,10,s012
s012-11_img.bmp,11,s012
s012-12_img.bmp,12,s012
s012-13_img.bmp,13,s012
s012-14_img.bmp,14,s012
s013-00_img.bmp,0,s013
s013-01_img.bmp,1,s013
s013-02_img.bmp,2,s013
s013-03_img.bmp,3,s013
s013-04_img.bmp,4,s013
s013-05_img.bmp,5,s013
s013-06_img.bmp,6,s013
s013-07_img.bmp,7,s013
s013-08_img.bmp,8,s013
s013-09_img.bmp,9,s013
s013-10_img.bmp,10,s013
s013-11_img.bmp,11,s013
s013-12_img.bmp,12,s013
s013-13_img.bmp,13,s013
s013-14_img.bmp,14,s013
s014-00_img.bmp,0,s014
s014-01_img.bmp,1,s014
s014-02_img.bmp,2,s014
s014-03_img.bmp,3,s014
s014-04_img.bmp,4,s014
s014-05_img.bmp,5,s014
s014-06_img.bmp,6,s014
s014-07_img.bmp,7,s014
s014-08_img.bmp,8,s014
s014-09_img.bmp,9,s014
s014-10_img.bmp,10,s014
s014-11_img.bmp,11,s014
s014-12_img.bmp,12,s014
s014-13_img.bmp,13,s014
s014-14_img.bmp,14,s014
s015-00_img.bmp,0,s015
s015-01_img.bmp,1,s015
s015-02_img.bmp,2,s015
s015-03_img.bmp,3,s015
s015-04_img.bmp,4,s015
s015-05_img.bmp,5,s015
s015-06_img.bmp,6,s015
s015-07_img.bmp,7,s015
s015-08_img.bmp,8,s015
s015-09_img.bmp,9,s015
s015-10_img.bmp,10,s015
s015-11_img.bmp,11,s015
s015-12_img.bmp,12,s015
s015-13_img.bmp,13,s015
s015-14_img.bmp,14,s015
s016-00_img.bmp,0,s016
s016-01_img.bmp,1,s016
s016-02_img.bmp,2,s016
s016-03_img.bmp,3,s016
s016-04_img.bmp,4,s016
s016-05_img.bmp,5,s016
s016-06_img.bmp,6,s016
s016-07_img.bmp,7,s016
s016-08_img.bmp,8,s016
s016-09_img.bmp,9,s016
s016-10_img.bmp,10,s016
s016-11_img.bmp,11,s016
s016-12_img.bmp,12,s016
s016-13_img.bmp,13,s016
s016-14_img.bmp,14,s016
s017-00_img.bmp,0,s017
s017-01_img.bmp,1,s017
s017-02_img.bmp,2,s017
s017-03_img.bmp,3,s017
s017-04_img.bmp,4,s017
s017-05_img.bmp,5,s017
s017-06_img.bmp,6,s017
s017-07_img.bmp,7,s017
s017-08_img.bmp,8,s017
s017-09_img.bmp,9,s017
s017-10_img.bmp,10,s017
s017-11_img.bmp,11,s017
s017-12_img.bmp,12,s017
s017-13_img.bmp,13,s017
s017-14_img.bmp,14,s017
s018-00_img.bmp,0,s018
s018-01_img.bmp,1,s018
s018-02_img.bmp,2,s018
s018-03_img.bmp,3,s018
s018-04_img.bmp,4,s018
s018-05_img.bmp,5,s018
s018-06_img.bmp,6,s018
s018-07_img.bmp,7,s018
s018-08_img.bmp,8,s018
s018-09_img.bmp,9,s018
s018-10_img.bmp,10,s018
s018-11_img.bmp,11,s018
s018-12_img.bmp,12,s018
s018-13_img.bmp,13,s018
s018-14_img.bmp,14,s018
s019-00_img.bmp,0,s019
s019-01_img.bmp,1,s019
s019-02_img.bmp,2,s019
s019-03_img.bmp,3,s019
s019-04_img.bmp,4,s019
s019-05_img.bmp,5,s019
s019-06_img.bmp,6,s019
s019-07_img.bmp,7,s019
s019-08_img.bmp,8,s019
s019-09_img.bmp,9,s019
s019-10_img.bmp,10,s019
s019-11_img.bmp,11,s019
s019-12_img.bmp,12,s019
s019-13_img.bmp,13,s019
s019-14_img.bmp,14,s019
s021-00_img.bmp,0,s021
s021-01_img.bmp,1,s021
s021-02_img.bmp,2,s021
s021-03_img.bmp,3,s021
s021-04_img.bmp,4,s021
s021-05_img.bmp,5,s021
s021-06_img.bmp,6,s021
s021-07_img.bmp,7,s021
s021-08_img.bmp,8,s021
s021-09_img.bmp,9,s021
s021-10_img.bmp,10,s021
s021-11_img.bmp,11,s021
s021-12_img.bmp,12,s021
s021-13_img.bmp,13,s021
s021-14_img.bmp,14,s021
s021-15_img.bmp,15,s021
s023-00_img.bmp,0,s023
s023-01_img.bmp,1,s023
s023-02_img.bmp,2,s023
s023-03_img.bmp,3,s023
s023-04_img.bmp,4,s023
s023-05_img.bmp,5,s023
s023-06_img.bmp,6,s023
s023-07_img.bmp,7,s023
s023-08_img.bmp,8,s023
s023-09_img.bmp,9,s023
s023-10_img.bmp,10,s023
s023-11_img.bmp,11,s023
s023-12_img.bmp,12,s023
s023-13_img.bmp,13,s023
s023-14_img.bmp,14,s023
s024-00_img.bmp,0,s024
s024-01_img.bmp,1,s024
s024-02_img.bmp,2,s024
s024-03_img.bmp,3,s024
s024-04_img.bmp,4,s024
s024-05_img.bmp,5,s024
s024-06_img.bmp,6,s024
s024-07_img.bmp,7,s024
s024-08_img.bmp,8,s024
s024-09_img.bmp,9,s024
s024-10_img.bmp,10,s024
s024-11_img.bmp,11,s024
s024-12_img.bmp,12,s024
s024-13_img.bmp,13,s024
s024-14_img.bmp,14,s024
s025-00_img.bmp,0,s025
s025-01_img.bmp,1,s025
s025-02_img.bmp,2,s025
s025-03_img.bmp,3,s025
s025-04_img.bmp,4,s025
s025-05_img.bmp,5,s025
s025-06_img.bmp,6,s025
s025-07_img.bmp,7,s025
s025-08_img.bmp,8,s025
s025-09_img.bmp,9,s025
s025-10_img.bmp,10,s025
s025-11_img.bmp,11,s025
s025-12_img.bmp,12,s025
s025-13_img.bmp,13,s025
s025-14_img.bmp,14,s025
s026-00_img.bmp,0,s026
s026-01_img.bmp,1,s026
s026-02_img.bmp,2,s026
s026-03_img.bmp,3,s026
s026-04_img.bmp,4,s026
s026-05_img.bmp,5,s026
s026-06_img.bmp,6,s026
s026-07_img.bmp,7,s026
s026-08_img.bmp,8,s026
s026-09_img.bmp,9,s026
s026-10_img.bmp,10,s026
s026-11_img.bmp,11,s026
s026-12_img.bmp,12,s026
s026-13_img.bmp,13,s026
s026-14_img.bmp,14,s026
s027-00_img.bmp,0,s027
s027-01_img.bmp,1,s027
s027-02_img.bmp,2,s027
s027-03_img.bmp,3,s027
s027-04_img.bmp,4,s027
s027-05_img.bmp,5,s027
s027-06_img.bmp,6,s027
s027-07_img.bmp,7,s027
s027-08_img.bmp,8,s027
s027-09_img.bmp,9,s027
s027-10_img.bmp,10,s027
s027-11_img.bmp,11,s027
s027-12_img.bmp,12,s027
s027-13_img.bmp,13,s027
s027-14_img.bmp,14,s027
s028-00_img.bmp,0,s028
s028-01_img.bmp,1,s028
s028-02_img.bmp,2,s028
s028-03_img.bmp,3,s028
s028-04_img.bmp,4,s028
s028-05_img.bmp,5,s028
s028-06_img.bmp,6,s028
s028-07_img.bmp,7,s028
s028-08_img.bmp,8,s028
s028-09_img.bmp,9,s028
s028-10_img.bmp,10,s028
s028-11_img.bmp,11,s028
s028-12_img.bmp,12,s028
s028-13_img.bmp,13,s028
s028-14_img.bmp,14,s028
s029-00_img.bmp,0,s029
s029-01_img.bmp,1,s029
s029-02_img.bmp,2,s029
s029-03_img.bmp,3,s029
s029-04_img.bmp,4,s029
s029-05_img.bmp,5,s029
s029-06_img.bmp,6,s029
s029-07_img.bmp,7,s029
s029-08_img.bmp,8,s029
s029-09_img.bmp,9,s029
s029-10_img.bmp,10,s029
s029-11_img.bmp,11,s029
s029-12_img.bmp,12,s029
s029-13_img.bmp,13,s029
s029-14_img.bmp,14,s029
s030-00_img.bmp,0,s030
s030-01_img.bmp,1,s030
s030-02_img.bmp,2,s030
s030-03_img.bmp,3,s030
s030-04_img.bmp,4,s030
s030-05_img.bmp,5,s030
s030-06_img.bmp,6,s030
s030-07_img.bmp,7,s030
s030-08_img.bmp,8,s030
s030-09_img.bmp,9,s030
s030-10_img.bmp,10,s030
s030-11_img.bmp,11,s030
s030-12_img.bmp,12,s030
s030-13_img.bmp,13,s030
s030-14_img.bmp,14,s030
s030-15_img.bmp,15,s030
s031-00_img.bmp,0,s031
s031-01_img.bmp,1,s031
s031-02_img.bmp,2,s031
s031-03_img.bmp,3,s031
s031-04_img.bmp,4,s031
s031-05_img.bmp,5,s031
s031-06_img.bmp,6,s031
s031-07_img.bmp,7,s031
s031-08_img.bmp,8,s031
s031-09_img.bmp,9,s031
s031-10_img.bmp,10,s031
s031-11_img.bmp,11,s031
s031-12_img.bmp,12,s031
s031-13_img.bmp,13,s031
s031-14_img.bmp,14,s031
s032-00_img.bmp,0,s032
s032-01_img.bmp,1,s032
s032-02_img.bmp,2,s032
s032-03_img.bmp,3,s032
s032-04_img.bmp,4,s032
s032-05_img.bmp,5,s032
s032-06_img.bmp,6,s032
s032-07_img.bmp,7,s032
s032-08_img.bmp,8,s032
s032-09_img.bmp,9,s032
s032-10_img.bmp,10,s032
s032-11_img.bmp,11,s032
s032-12_img.bmp,12,s032
s032-13_img.bmp,13,s032
s032-14_img.bmp,14,s032
s032-15_img.bmp,15,s032
s033-00_img.bmp,0,s033
s033-01_img.bmp,1,s033
s033-02_img.bmp,2,s033
s033-03_img.bmp,3,s033
s033-04_img.bmp,4,s033
s033-05_img.bmp,5,s033
s033-06_img.bmp,6,s033
s033-07_img.bmp,7,s033
s033-08_img.bmp,8,s033
s033-09_img.bmp,9,s033
s033-10_img.bmp,10,s033
s033-11_img.bmp,11,s033
s033-12_img.bmp,12,s033
s033-13_img.bmp,13,s033
s033-14_img.bmp,14,s033
s034-00_img.bmp,0,s034
s034-01_img.bmp,1,s034
s034-02_img.bmp,2,s034
s034-03_img.bmp,3,s034
s034-04_img.bmp,4,s034
s034-05_img.bmp,5,s034
s034-06_img.bmp,6,s034
s034-07_img.bmp,7,s034
s034-08_img.bmp,8,s034
s034-09_img.bmp,9,s034
s034-10_img.bmp,10,s034
s034-11_img.bmp,11,s034
s034-12_img.bmp,12,s034
s034-13_img.bmp,13,s034
s034-14_img.bmp,14,s034
s035-00_img.bmp,0,s035
s035-01_img.bmp,1,s035
s035-02_img.bmp,2,s035
s035-03_img.bmp,3,s035
s035-04_img.bmp,4,s035
s035-05_img.bmp,5,s035
s035-06_img.bmp,6,s035
s035-07_img.bmp,7,s035
s035-08_img.bmp,8,s035
s035-09_img.bmp,9,s035
s035-10_img.bmp,10,s035
s035-11_img.bmp,11,s035
s035-12_img.bmp,12,s035
s035-13_img.bmp,13,s035
s035-14_img.bmp,14,s035
s036-00_img.bmp,0,s036
s036-01_img.bmp,1,s036
s036-02_img.bmp,2,s036
s036-03_img.bmp,3,s036
s036-04_img.bmp,4,s036
s036-05_img.bmp,5,s036
s036-06_img.bmp,6,s036
s036-07_img.bmp,7,s036
s036-08_img.bmp,8,s036
s036-09_img.bmp,9,s036
s036-10_img.bmp,10,s036
s036-11_img.bmp,11,s036
s036-12_img.bmp,12,s036
s036-13_img.bmp,13,s036
s036-14_img.bmp,14,s036
s037-00_img.bmp,0,s037
s037-01_img.bmp,1,s037
s037-02_img.bmp,2,s037
s037-03_img.bmp,3,s037
s037-04_img.bmp,4,s037
s037-05_img.bmp,5,s037
s037-06_img.bmp,6,s037
s037-07_img.bmp,7,s037
s037-08_img.bmp,8,s037
s037-09_img.bmp,9,s037
s037-10_img.bmp,10,s037
s037-11_img.bmp,11,s037
s037-12_img.bmp,12,s037
s037-13_img.bmp,13,s037
s037-14_img.bmp,14,s037
s038-00_img.bmp,0,s038
s038-01_img.bmp,1,s038
s038-02_img.bmp,2,s038
s038-03_img.bmp,3,s038
s038-04_img.bmp,4,s038
s038-05_img.bmp,5,s038
s038-06_img.bmp,6,s038
s038-07_img.bmp,7,s038
s038-08_img.bmp,8,s038
s038-09_img.bmp,9,s038
s038-10_img.bmp,10,s038
s038-11_img.bmp,11,s038
s038-12_img.bmp,12,s038
s038-13_img.bmp,13,s038
s038-14_img.bmp,14,s038
s038-15_img.bmp,15,s038
